{"cameraMode":{"drawMode":0,"name":"Shaded","section":"Shading Mode"},"sceneLighting":false,"audioPlay":false,"sceneViewState":{"showFog":false,"showMaterialUpdate":false,"showSkybox":false,"showFlares":false,"showImageEffects":false,"showParticleSystems":false},"in2DMode":false,"pivot":{"x":14.005339622497559,"y":10.227208137512207,"z":24.39054298400879},"rotation":{"x":0.09554371237754822,"y":-0.005378640256822109,"z":-0.0005163829773664475,"w":-0.9954125881195068},"size":24.756771087646486,"orthographic":false}